skeyal:skeyal:Sunil.Keyal
kdesai:Kdesai1:Kenz.Desai
gdiamont:gdiamont:George.Diamont
rborgion:rborgione:Roberto.Borgione
srally:srally1:Sanjay.Rally
gelliot:gelliot:George.Elliot
rshetty:rshetty:Rishma.Shetty
eottaway:eottaway:Eric.Ottaway
cwoods:cewoods1:Calvin.Woods
rerla:rerla:Rani.Erla
dgwaltney:dgwaltney:David.Gwaltney
aupretee:auprette:Adi.Upretee
juthomas:jthomas32:Justin.Thomas
rbodapat:rbodapati:RAMAKRISHNA.BODAPATI
bgaskins:bgaskins:Barry.Gaskins
krangana:kranganathan:Kavitha.Ranganathan
sdantala:sdantala:Satish.Dantala
ugorti:ugorti:Uma.Gorti
